<?xml version="1.0" encoding="UTF-8"?>

<domain>
	<initialstate>

		<variable id="completed-task">
			<value>true</value>
		</variable>

		<variable id="perceived">
			<value>[]</value>
		</variable>
		<variable id="carried">
			<value>[]</value>
		</variable>

	</initialstate>

<settings>
<nao_ip>193.157.229.207</nao_ip>
<grammar>/home/nao/grammar.bnf</grammar>
<modules>opendial.nao.NaoASR,opendial.nao.NaoButton, opendial.nao.NaoPerception, opendial.nao.NaoBehaviour,opendial.nao.NaoTTS</modules>
</settings>

	<import href="tabletop_nlu.xml" />
	<import href="tabletop_nlu2.xml" />
	<import href="tabletop_nlg.xml" />

	<import href="domain_effects.xml" />

	<import href="domain_prior.xml" />

	<import href="domain_rewards.xml" />

	<import href="domain_user.xml" />


</domain>
