
<domain>
<initialstate>
<variable id="count">
    <value prob="1">0</value>
</variable>
</initialstate>

<model trigger="u_u">
<rule>
<case>
     <condition>
           <if var="u_u" value="test" relation="contains"/>
           <if var="count" value="3" relation="&lt;"/>
     </condition>
     <effect util="1">
            <set var="u_m" value="Game response" />
            <set var="count" value="{count}+1"/>
     </effect>
</case>

<case>
     <condition>
           <if var="u_u" value="test" relation="contains"/>
           <if var="count" value="3"/>
     </condition>
     <effect util="1">
            <set var="u_m" value="Game finished" />
     </effect>
</case>
</rule>
</model>
</domain>