<?xml version="1.0" encoding="UTF-8"?>

<model trigger="a_u" type="decision">

	<rule id="move-decision">
		<case>
			<condition operator="and">
				<if var="i_u" value="Move(*)" />
			</condition>
			<effect util="15.8162">
				<set var="a_m" value="Do({i_u})" />
			</effect>
		</case>
	</rule>

	<rule id="pickup-decision">
		<case>
			<condition operator="or">
				<and>
					<if var="i_u" value="PickUp({X})" />
					<if var="perceived" value="{X}" relation="contains" />
					<if var="carried" value="[]" />
				</and>
				<and>
					<if var="i_u" value="PickUp(AtFeet)" />
					<if var="carried" value="[]" />
				</and>
			</condition>
			<effect util="18.3501">
				<set var="a_m" value="Do({i_u})" />
			</effect>
		</case>
		<case>
			<condition operator="and">
				<if var="i_u" value="PickUp({X})" />
				<if var="perceived" value="{X}" relation="contains" />
				<if var="carried" value="[]" relation="!=" />
			</condition>
			<effect util="13.2974">
				<set var="a_m" value="Say(AlreadyCarryObject)" />
			</effect>
		</case>
		<case>
			<condition operator="and">
				<if var="i_u" value="PickUp({X})" />
				<if var="perceived" value="{X}" relation="notcontains" />
			</condition>
			<effect util="13.2974">
				<set var="a_m" value="Say(DoNotSeeObject)" />
			</effect>
		</case>
	</rule>

	<rule id="release-decision">
		<case>
			<condition operator="and">
				<if var="i_u" value="Release" />
				<if var="carried" value="None" relation="!=" />
				<if var="carried" value="[]" relation="!=" />
			</condition>
			<effect util="19.7806">
				<set var="a_m" value="Do({i_u})" />
			</effect>
		</case>
		<case>
			<condition operator="and">
				<if var="i_u" value="Release" />
				<if var="carried" value="[]" />
			</condition>
			<effect util="13.2974">
				<set var="a_m" value="Say(DoNotCarryObject)" />
			</effect>
		</case>
	</rule>

	<rule id="perceive-decision">
		<case>
			<condition operator="and">
				<if var="i_u" value="DoYouSee({X})" />
				<if var="perceived" value="{X}" relation="contains" />
			</condition>
			<effect util="17.2548">
				<set var="a_m" value="Say(Confirm)" />
			</effect>
		</case>
		<case>
			<condition operator="and">
				<if var="i_u" value="DoYouSee({X})" />
				<if var="perceived" value="{X}" relation="notcontains" />
			</condition>
			<effect util="17.2548">
				<set var="a_m" value="Say(Disconfirm)" />
			</effect>
		</case>
	</rule>

	<rule id="whatdoyousee-decision">
		<case>
			<condition>
				<if var="i_u" value="WhatDoYouSee" />
			</condition>
			<effect util="20.7969">
				<set var="a_m" value="Describe({perceived})" />
			</effect>
		</case>
	</rule>

	<rule id="chitchat-decision">
		<case>
			<condition operator="and">
				<if var="i_u" value="Greeting" />
			</condition>
			<effect util="20.1058">
				<set var="a_m" value="Say(Greet)" />
			</effect>
		</case>
		<case>
			<condition operator="and">
				<if var="i_u" value="Ask(Name)" />
			</condition>
			<effect util="20.1058">
				<set var="a_m" value="Say(NameIsLenny)" />
			</effect>
		</case>
		<case>
			<condition operator="and">
				<if var="i_u" value="Closing" />
			</condition>
			<effect util="20.1058">
				<set var="a_m" value="Say(Goodbye)" />
			</effect>
		</case>
	</rule>


	<rule id="allnegs-decision">
		<case>
			<effect util="-10">
				<set var="a_m" value="Do(*)" />
			</effect>
			<effect util="-10">
				<set var="a_m" value="Say(*)" />
			</effect>
			<effect util="-10">
				<set var="a_m" value="Describe(*)" />
			</effect>
		</case>
	</rule>


	<rule id="repeat-decision">
		<case>
			<condition>
				<if var="last(a_m)" value="AskRepeat" relation="!=" />
				<if var="a_u" value="None" relation="!=" />
				<if var="a_u" value="Confirm" relation="!=" />
				<if var="a_u" value="Disconfirm" relation="!=" />
				<if var="a_u" value="Grounding" relation="!=" />
			</condition>
			<effect util="0.4795">
				<set var="a_m" value="AskRepeat" />
			</effect>
		</case>
		<case>
			<effect util="-6.1401">
				<set var="a_m" value="AskRepeat" />
			</effect>
		</case>
	</rule>

	<rule id="confirm-decision">
		<case>
			<condition operator="and">
				<if var="i_u" value="DoYouSee(*)" relation="!=" />
				<if var="i_u" value="WhatDoYouSee" relation="!=" />
				<if var="i_u" value="Greeting" relation="!=" />
				<if var="i_u" value="Closing" relation="!=" />
				<if var="i_u" value="Ask(Name)" relation="!=" />
				<if var="i_u" value="None" relation="!=" />
			</condition>
			<effect util="-1.9998">
				<set var="a_m" value="Confirm({i_u})" />
			</effect>
		</case>
		<case>
			<effect util="3.357">
				<set var="a_m" value="Confirm(*)" />
			</effect>
		</case>
	</rule>


	<rule id="reactive-decision">
		<case>
			<condition operator="and">
				<if var="motion" value="true" />
				<if var="a_u" value="Stop" />
			</condition>
			<effect util="10.3081">
				<set var="a_m" value="Do(Stop)" />
			</effect>
		</case>
		<case>
			<condition operator="and">
				<if var="motion" value="true" />
				<if var="a_u" value="Disconfirm" />
			</condition>
			<effect util="10.3081">
				<set var="a_m" value="Do(Stop)" />
			</effect>
		</case>
		<case>
			<condition>
				<if var="motion" value="true" />
			</condition>
			<effect util="-7.8912">
				<set var="a_m" value="None" relation="!=" />
			</effect>
		</case>
	</rule>
	
	

	<rule id="avoid-loops">
		<case>
			<condition>
				<if var="last(a_m)" value="AskRepeat" />
			</condition>
			<effect util="-10">
				<set var="a_m" value="AskRepeat" />
			</effect>
		</case>
		<case>
			<condition>
				<if var="last(a_m)" value="Confirm(*)" />
			</condition>
			<effect util="-10">
				<set var="a_m" value="AskRepeat" />
			</effect>
			<effect util="-10">
				<set var="a_m" value="Confirm(*)" />
			</effect>
		</case>
	</rule>


</model>
