<?xml version="1.0" encoding="UTF-8"?>

<model trigger="a_m">


	<rule id="nextintention">
		<case>
			<condition operator="and">
				<if var="a_m" value="Confirm(*)" relation="!=" />
				<if var="a_m" value="AskRepeat" relation="!=" />
				<if var="a_m" value="None" relation="!=" />
			</condition>
			<effect>
				<set var="completed-task" value="true" />
			</effect>
		</case>
		<case>
			<condition operator="or">
				<if var="i_u" value="None" />
			</condition>
			<effect>
				<set var="completed-task" value="true" />
			</effect>
		</case>
		<case>
			<effect prob="0.8">
				<set var="completed-task" value="false" />
			</effect>
			<effect prob="0.2">
				<set var="completed-task" value="true" />
			</effect>
		</case>
	</rule>

	<rule id="changeLastMove">
		<case>
			<condition>
				<if var="a_m" value="Do({X})" />
			</condition>
			<effect>
				<set var="lastMove" value="{X}" />
			</effect>
		</case>
	</rule>

	<rule id="changeLastAm">
		<case>
			<condition>
				<if var="a_m" value="None" relation="!=" />
			</condition>
			<effect>
				<set var="last(a_m)" value="{a_m}" />
			</effect>
		</case>
	</rule>
</model>