<?xml version="1.0" encoding="UTF-8"?>

<model trigger="completed-task,perceived,carried">

	<rule id="clearorcontinue">
		<case>
			<condition>
				<if var="completed-task" value="false" />
			</condition>
			<effect>
				<set var="i_u" value="{i_u}" />
			</effect>
		</case>
	</rule>

	<rule id="moveprior">
		<case>
			<condition>
				<if var="completed-task" value="true" />
			</condition>
			<effect prob="0.075">
				<set var="i_u" value="Move(Left)" />
			</effect>
			<effect prob="0.075">
				<set var="i_u" value="Move(Forward)" />
			</effect>
			<effect prob="0.075">
				<set var="i_u" value="Move(Backward)" />
			</effect>
			<effect prob="0.075">
				<set var="i_u" value="Move(Right)" />
			</effect>
			<effect prob="0.075">
				<set var="i_u" value="Move(Left,Short)" />
			</effect>
			<effect prob="0.075">
				<set var="i_u" value="Move(Forward,Short)" />
			</effect>
			<effect prob="0.075">
				<set var="i_u" value="Move(Backward,Short)" />
			</effect>
			<effect prob="0.075">
				<set var="i_u" value="Move(Right,Short)" />
			</effect>
			<effect prob="0.075">
				<set var="i_u" value="Move(Turn)" />
			</effect>
		</case>
	</rule>

	<rule id="perceptionprior">
		<case>
			<condition>
				<if var="perceived" value="{OBJ}" relation="contains" />
				<if var="completed-task" value="true" />
			</condition>
			<effect prob="0.2">
				<set var="i_u" value="DoYouSee({OBJ})" />
			</effect>
			<effect prob="0.2">
				<set var="i_u" value="WhatDoYouSee" />
			</effect>
		</case>
		<case>
			<condition>
				<if var="completed-task" value="true" />
			</condition>
			<effect prob="0.05">
				<set var="i_u" value="DoYouSee(RedObj)" />
			</effect>
			<effect prob="0.05">
				<set var="i_u" value="DoYouSee(BlueObj)" />
			</effect>
			<effect prob="0.1">
				<set var="i_u" value="WhatDoYouSee" />
			</effect>
		</case>
	</rule>


	<rule id="chitchatprior">
		<case>
			<condition>
				<if var="lastMove" value="None" />
				<if var="completed-task" value="true" />
			</condition>
			<effect prob="0.1">
				<set var="i_u" value="Ask(Name)" />
			</effect>
			<effect prob="0.2">
				<set var="i_u" value="Greeting" />
			</effect>
		</case>
		<case>
			<condition>
				<if var="lastMove" value="Release" />
				<if var="completed-task" value="true" />
			</condition>
			<effect prob="0.2">
				<set var="i_u" value="Closing" />
			</effect>
		</case>
	</rule>


	<rule id="releaseprior">
		<case>
			<condition>
				<if var="completed-task" value="true" />
				<if var="carried" value="[]" relation="!=" />
				<if var="carried" value="None" relation="!=" />
			</condition>
			<effect prob="0.2">
				<set var="i_u" value="Release" />
			</effect>
		</case>
	</rule>


	<rule id="pickupprior">
		<case>
			<condition>
				<if var="completed-task" value="true" />
				<if var="carried" value="[]" />
				<if var="perceived" value="{OBJ}" relation="contains" />
			</condition>
			<effect prob="0.2">
				<set var="i_u" value="PickUp({OBJ})" />
			</effect>
			<effect prob="0.05">
				<set var="i_u" value="PickUp(AtFeet)" />
			</effect>
		</case>
		<case>
			<condition>
				<if var="completed-task" value="true" />
				<if var="carried" value="[]" />
			</condition>
			<effect prob="0.05">
				<set var="i_u" value="PickUp(AtFeet)" />
			</effect>
		</case>
	</rule>


</model>