<?xml version="1.0" encoding="UTF-8"?>

<model trigger="a_u^t">


	<rule id="nlu-pickup">
		<case>
			<condition>
				<if var="a_u^t" value="PickUp({X})" />
				<if var="X" value="feet" relation="contains" />
			</condition>
			<effect>
				<set var="a_u" value="PickUp(AtFeet)" />
			</effect>
		</case>
		<case>
			<condition>
				<if var="a_u^t" value="PickUp({X})" />
				<or>
					<if var="X" value="blue" relation="contains" />
					<if var="perceived" value="[BlueObj]"/>
					<and>
						<if var="X" value="it" relation="contains" />
						<or>
							<if var="a_u" value="BlueObj" relation="contains" />
							<if var="a_m" value="BlueObj" relation="contains" />
						</or>
					</and>
				</or>
			</condition>
			<effect>
				<set var="a_u" value="PickUp(BlueObj)" />
			</effect>
		</case>
		<case>
			<condition>
				<if var="a_u^t" value="PickUp({X})" />
				<or>
					<if var="X" value="red" relation="contains" />
						<if var="perceived" value="[RedObj]"/>
					<and>
						<if var="X" value="it" relation="contains" />
						<or>
							<if var="a_u" value="RedObj" relation="contains" />
							<if var="a_m" value="RedObj" relation="contains" />
						</or>
					</and>
				</or>
			</condition>
			<effect>
				<set var="a_u" value="PickUp(RedObj)" />
			</effect>
		</case>
		<case>
			<condition operator="and">
				<if var="a_u^t" value="PickUp({X})" />
			</condition>
			<effect>
				<set var="a_u" value="PickUp(Other)" />
			</effect>
		</case>
	</rule>


	<rule id="nlu-distance">
		<case>
			<condition>
				<if var="u_u" value="bit" relation="contains" />
				<if var="a_u^t" value="Move({X})" />
			</condition>
			<effect>
				<set var="a_u" value="Move({X},Short)" />
			</effect>
		</case>
		<case>
			<condition operator="and">
				<if var="a_u^t" value="Move({X})" />
				<or>
					<if var="a_u^t" value="Move(Left)" />
					<if var="a_u^t" value="Move(Right)" />
				</or>
				<if var="u_u" value="thirty degrees" relation="contains" />
			</condition>
			<effect>
				<set var="a_u" value="Move({X},Short)" />
			</effect>
		</case>
		<case>
			<condition>
				<if var="a_u^t" value="Move({X})" />
			</condition>
			<effect>
				<set var="a_u" value="Move({X})" />
			</effect>
		</case>
	</rule>

	<rule id="nlu-doyousee">
		<case>
			<condition>
				<if var="a_u^t" value="DoYouSee({X})" />
				<if var="X" value="red" relation="contains" />
			</condition>
			<effect>
				<set var="a_u" value="DoYouSee(RedObj)" />
			</effect>
		</case>
		<case>
			<condition>
				<if var="a_u^t" value="DoYouSee({X})" />
				<if var="X" value="blue" relation="contains" />
			</condition>
			<effect>
				<set var="a_u" value="DoYouSee(BlueObj)" />
			</effect>
		</case>
		<case>
			<condition>
				<if var="a_u^t" value="DoYouSee({X})" />
			</condition>
			<effect>
				<set var="a_u" value="WhatDoYouSee" />
			</effect>
		</case>
	</rule>

	<rule id="nlu-other">
		<case>
			<condition>
				<if var="a_u^t" value="Move(*)" relation="!=" />
				<if var="a_u^t" value="PickUp(*)" relation="!=" />
				<if var="a_u^t" value="DoYouSee(*)" relation="!=" />
			</condition>
			<effect>
				<set var="a_u" value="{a_u^t}" />
			</effect>
		</case>
	</rule>

	<rule priority="2">
		<case>
			<effect>
				<set var="a_u" value="[]" />
			</effect>
		</case>
	</rule>


</model>
